,metro_code,areaname,state_alpha,2017,2018,2019,2020,2021,"city, state"
1,METRO19300M19300,Daphne,AL,847,762,773,749,723,"Daphne, AL"
2,METRO19300M19300,Fairhope,AL,847,762,773,749,723,"Fairhope, AL"
3,METRO19300M19300,Foley,AL,847,762,773,749,723,"Foley, AL"
8,METRO11500M11500,Anniston,AL,474,511,513,531,549,"Anniston, AL"
9,METRO11500M11500,Oxford,AL,474,511,513,531,549,"Oxford, AL"
10,METRO11500M11500,Jacksonville,AL,474,511,513,531,549,"Jacksonville, AL"
11,METRO13820N01021,Chilton County,AL,538,551,549,627,625,"Chilton County, AL"
15,METRO23460M23460,Gadsden,AL,545,497,500,527,560,"Gadsden, AL"
18,METRO20020N01067,Henry County,AL,538,554,549,520,532,"Henry County, AL"
19,METRO20020M20020,Dothan,AL,511,535,519,506,547,"Dothan, AL"
22,METRO22520M22520,Florence,AL,532,529,534,565,580,"Florence, AL"
23,METRO22520M22520,Muscle Shoals,AL,532,529,534,565,580,"Muscle Shoals, AL"
25,METRO12220M12220,Auburn,AL,600,633,627,623,625,"Auburn, AL"
26,METRO12220M12220,Opelika,AL,600,633,627,623,625,"Opelika, AL"
29,METRO26620M26620,Huntsville,AL,620,603,685,660,690,"Huntsville, AL"
30,METRO33660M33660,Mobile,AL,732,683,681,699,658,"Mobile, AL"
31,METRO33860M33860,Montgomery,AL,682,691,696,702,766,"Montgomery, AL"
32,METRO19460M19460,Decatur,AL,515,523,528,546,574,"Decatur, AL"
33,METRO46220N01107,Pickens County,AL,467,456,481,489,493,"Pickens County, AL"
34,METRO17980M17980,Columbus,AL,648,685,714,670,717,"Columbus, AL"
37,METRO13820M13820,Birmingham,AL,751,768,763,861,871,"Birmingham, AL"
38,METRO13820M13820,Hoover,AL,751,768,763,861,871,"Hoover, AL"
39,METRO46220M46220,Tuscaloosa,AL,643,660,705,737,695,"Tuscaloosa, AL"
40,METRO13820N01127,Walker County,AL,519,505,502,570,549,"Walker County, AL"
41,METRO11260M11260,Anchorage,AK,1018,1035,1005,991,926,"Anchorage, AK"
42,METRO21820M21820,Fairbanks,AK,953,1029,1025,1006,987,"Fairbanks, AK"
43,METRO11260N02170,Matanuska,AK,783,835,815,792,775,"Matanuska, AK"
44,METRO11260N02170,Susitna Borough,AK,783,835,815,792,775,"Susitna Borough, AK"
45,METRO43420M43420,Sierra Vista,AZ,598,621,642,658,667,"Sierra Vista, AZ"
46,METRO43420M43420,Douglas,AZ,598,621,642,658,667,"Douglas, AZ"
47,METRO22380M22380,Flagstaff,AZ,835,920,1007,1024,1062,"Flagstaff, AZ"
51,METRO29420M29420,Lake Havasu City,AZ,602,626,615,698,725,"Lake Havasu City, AZ"
52,METRO29420M29420,Kingman,AZ,602,626,615,698,725,"Kingman, AZ"
53,METRO46060M46060,Tucson,AZ,652,642,683,721,728,"Tucson, AZ"
54,METRO38060M38060,Phoenix,AZ,757,815,868,958,1032,"Phoenix, AZ"
55,METRO38060M38060,Mesa,AZ,757,815,868,958,1032,"Mesa, AZ"
56,METRO38060M38060,Scottsdale,AZ,757,815,868,958,1032,"Scottsdale, AZ"
57,METRO39140M39140,Prescott,AZ,688,670,724,781,822,"Prescott, AZ"
58,METRO49740M49740,Yuma,AZ,655,601,603,621,705,"Yuma, AZ"
63,METRO27860MM3700,Jonesboro,AR,607,613,609,628,631,"Jonesboro, AR"
65,METRO32820M32820,Memphis,AR,707,705,742,755,784,"Memphis, AR"
69,METRO26300M26300,Hot Springs,AR,576,580,587,586,606,"Hot Springs, AR"
70,METRO30780N05053,Grant County,AR,539,566,609,608,648,"Grant County, AR"
72,METRO38220M38220,Pine Bluff,AR,509,537,545,541,553,"Pine Bluff, AR"
73,METRO45500N05081,Little River County,AR,460,476,491,478,496,"Little River County, AR"
80,METRO45500M45500,Texarkana,AR,573,627,625,624,658,"Texarkana, AR"
84,METRO27860N05111,Poinsett County,AR,493,476,491,478,496,"Poinsett County, AR"
88,METRO30780M30780,Little Rock,AR,673,676,702,688,735,"Little Rock, AR"
89,METRO30780M30780,North Little Rock,AR,673,676,702,688,735,"North Little Rock, AR"
90,METRO30780M30780,Conway,AR,673,676,702,688,735,"Conway, AR"
91,METRO22900M22900,Fort Smith,AR,511,524,529,521,552,"Fort Smith, AR"
92,METRO22220M22220,Fayetteville,AR,578,558,586,630,618,"Fayetteville, AR"
93,METRO22220M22220,Springdale,AR,578,558,586,630,618,"Springdale, AR"
94,METRO22220M22220,Rogers,AR,578,558,586,630,618,"Rogers, AR"
97,METRO17020M17020,Chico,CA,729,785,894,842,904,"Chico, CA"
98,METRO41860MM5775,Oakland,CA,1723,1855,1706,1808,1934,"Oakland, CA"
99,METRO41860MM5775,Fremont,CA,1723,1855,1706,1808,1934,"Fremont, CA"
106,METRO23420M23420,Fresno,CA,709,771,769,787,851,"Fresno, CA"
107,METRO20940M20940,El Centro,CA,626,687,733,781,810,"El Centro, CA"
108,METRO12540M12540,Bakersfield,CA,650,695,711,726,743,"Bakersfield, CA"
109,METRO25260M25260,Hanford,CA,623,752,811,861,903,"Hanford, CA"
110,METRO25260M25260,Corcoran,CA,623,752,811,861,903,"Corcoran, CA"
111,METRO31080MM4480,Los Angeles,CA,1195,1284,1384,1517,1605,"Los Angeles, CA"
112,METRO31080MM4480,Long Beach,CA,1195,1284,1384,1517,1605,"Long Beach, CA"
113,METRO31080MM4480,Glendale,CA,1195,1284,1384,1517,1605,"Glendale, CA"
114,METRO31460M31460,Madera,CA,672,723,771,839,881,"Madera, CA"
116,METRO32900M32900,Merced,CA,602,623,680,782,882,"Merced, CA"
117,METRO41500M41500,Salinas,CA,1133,1146,1240,1467,1466,"Salinas, CA"
118,METRO34900M34900,Napa,CA,1228,1196,1289,1427,1531,"Napa, CA"
119,METRO31080MM5945,Santa Ana,CA,1436,1493,1632,1785,1888,"Santa Ana, CA"
120,METRO31080MM5945,Anaheim,CA,1436,1493,1632,1785,1888,"Anaheim, CA"
121,METRO31080MM5945,Irvine,CA,1436,1493,1632,1785,1888,"Irvine, CA"
131,METRO40900M40900,Sacramento,CA,821,860,968,1072,1188,"Sacramento, CA"
133,METRO40900M40900,Roseville,CA,821,860,968,1072,1188,"Roseville, CA"
134,METRO40900M40900,,CA,821,860,968,1072,1188,", CA"
135,METRO40900M40900,Arden,CA,821,860,968,1072,1188,"Arden, CA"
136,METRO40900M40900,Arcade,CA,821,860,968,1072,1188,"Arcade, CA"
137,METRO41940N06069,San Benito County,CA,1133,1277,1323,1298,1270,"San Benito County, CA"
138,METRO40140M40140,Riverside,CA,957,926,986,1030,1106,"Riverside, CA"
139,METRO40140M40140,San Bernardino,CA,957,926,986,1030,1106,"San Bernardino, CA"
140,METRO40140M40140,Ontario,CA,957,926,986,1030,1106,"Ontario, CA"
141,METRO41740M41740,San Diego,CA,1342,1400,1590,1566,1642,"San Diego, CA"
142,METRO41740M41740,Carlsbad,CA,1342,1400,1590,1566,1642,"Carlsbad, CA"
144,METRO44700M44700,Stockton,CA,733,746,826,869,964,"Stockton, CA"
145,METRO44700M44700,Lodi,CA,733,746,826,869,964,"Lodi, CA"
146,METRO42020M42020,San Luis Obispo,CA,1011,1107,1196,1275,1263,"San Luis Obispo, CA"
147,METRO42020M42020,Paso Robles,CA,1011,1107,1196,1275,1263,"Paso Robles, CA"
148,METRO42020M42020,Arroyo Grande,CA,1011,1107,1196,1275,1263,"Arroyo Grande, CA"
149,METRO41860MM7360,San Francisco,CA,2411,2499,2561,2720,2923,"San Francisco, CA"
150,METRO42200M42200,Santa Maria,CA,1323,1636,1667,1964,2015,"Santa Maria, CA"
151,METRO42200M42200,Santa Barbara,CA,1323,1636,1667,1964,2015,"Santa Barbara, CA"
152,METRO41940M41940,San Jose,CA,1773,2031,2316,2458,2558,"San Jose, CA"
153,METRO41940M41940,Sunnyvale,CA,1773,2031,2316,2458,2558,"Sunnyvale, CA"
154,METRO41940M41940,Santa Clara,CA,1773,2031,2316,2458,2558,"Santa Clara, CA"
155,METRO42100M42100,Santa Cruz,CA,1375,1477,1844,1913,2292,"Santa Cruz, CA"
156,METRO42100M42100,Watsonville,CA,1375,1477,1844,1913,2292,"Watsonville, CA"
157,METRO39820M39820,Redding,CA,688,713,758,744,924,"Redding, CA"
158,METRO46700M46700,Vallejo,CA,1035,1087,1184,1318,1351,"Vallejo, CA"
159,METRO46700M46700,Fairfield,CA,1035,1087,1184,1318,1351,"Fairfield, CA"
160,METRO42220M42220,Santa Rosa,CA,1213,1420,1447,1489,1519,"Santa Rosa, CA"
161,METRO33700M33700,Modesto,CA,726,809,803,885,987,"Modesto, CA"
163,METRO47300M47300,Visalia,CA,668,633,699,714,728,"Visalia, CA"
164,METRO47300M47300,Porterville,CA,668,633,699,714,728,"Porterville, CA"
165,METRO37100M37100,Oxnard,CA,1326,1308,1362,1503,1519,"Oxnard, CA"
166,METRO37100M37100,Thousand Oaks,CA,1326,1308,1362,1503,1519,"Thousand Oaks, CA"
167,METRO37100M37100,Ventura,CA,1326,1308,1362,1503,1519,"Ventura, CA"
168,METRO40900MM9270,Yolo,CA,884,905,1015,1066,1147,"Yolo, CA"
169,METRO49700M49700,Yuba City,CA,679,678,674,844,881,"Yuba City, CA"
176,METRO14500M14500,Boulder,CO,1021,1195,1242,1412,1428,"Boulder, CO"
192,METRO17820M17820,Colorado Springs,CO,737,793,833,897,949,"Colorado Springs, CO"
199,METRO22660M22660,Fort Collins,CO,817,905,1025,1014,1096,"Fort Collins, CO"
200,METRO24300M24300,Grand Junction,CO,601,635,637,786,772,"Grand Junction, CO"
201,METRO19740M19740,Denver,CO,1031,1127,1204,1260,1304,"Denver, CO"
202,METRO19740M19740,Aurora,CO,1031,1127,1204,1260,1304,"Aurora, CO"
203,METRO19740M19740,Lakewood,CO,1031,1127,1204,1260,1304,"Lakewood, CO"
204,METRO39380M39380,Pueblo,CO,603,579,661,636,634,"Pueblo, CO"
205,METRO17820N08119,Teller County,CO,779,803,807,847,875,"Teller County, CO"
206,METRO24540M24540,Greeley,CO,693,744,796,845,937,"Greeley, CO"
227,METRO14860MM1930,Danbury,CT,1103,1280,1253,1360,1350,"Danbury, CT"
231,METRO14860MM1160,Bridgeport,CT,990,1010,1032,1077,1156,"Bridgeport, CT"
236,METRO14860MM8040,Stamford,CT,1539,1571,1517,1701,1621,"Stamford, CT"
237,METRO14860MM8040,Norwalk,CT,1539,1571,1517,1701,1621,"Norwalk, CT"
357,METRO25540MM5480,Southern Middlesex County,CT,1029,1042,1079,1100,1155,"Southern Middlesex County, CT"
400,METRO35300MM1160,Milford,CT,1046,1063,1111,1118,1177,"Milford, CT"
401,METRO35300MM1160,Ansonia,CT,1046,1063,1111,1118,1177,"Ansonia, CT"
402,METRO35300MM1160,Seymour,CT,1046,1063,1111,1118,1177,"Seymour, CT"
409,METRO35300MM8880,Waterbury,CT,801,852,901,906,948,"Waterbury, CT"
410,METRO35300MM5480,New Haven,CT,1093,1074,1163,1162,1181,"New Haven, CT"
411,METRO35300MM5480,Meriden,CT,1093,1074,1163,1162,1181,"Meriden, CT"
424,METRO35980MM3280,Colchester,CT,865,971,957,969,1007,"Colchester, CT"
425,METRO35980MM3280,Lebanon,CT,865,971,957,969,1007,"Lebanon, CT"
452,METRO35980M35980,Norwich,CT,832,928,898,938,976,"Norwich, CT"
453,METRO35980M35980,New London,CT,832,928,898,938,976,"New London, CT"
490,METRO25540M25540,Hartford,CT,971,929,960,993,1091,"Hartford, CT"
491,METRO25540M25540,West Hartford,CT,971,929,960,993,1091,"West Hartford, CT"
492,METRO25540M25540,East Hartford,CT,971,929,960,993,1091,"East Hartford, CT"
507,METRO49340N09015,Windham County,CT,725,903,825,811,818,"Windham County, CT"
508,METRO20100M20100,Dover,DE,899,809,875,893,908,"Dover, DE"
509,METRO37980M37980,Philadelphia,DE,1003,1047,992,1013,1040,"Philadelphia, DE"
510,METRO37980M37980,Camden,DE,1003,1047,992,1013,1040,"Camden, DE"
511,METRO37980M37980,Wilmington,DE,1003,1047,992,1013,1040,"Wilmington, DE"
512,METRO41540N10005,Sussex County,DE,688,691,812,731,732,"Sussex County, DE"
513,METRO47900M47900,Washington,DC,1513,1561,1454,1500,1548,"Washington, DC"
514,METRO47900M47900,Arlington,DC,1513,1561,1454,1500,1548,"Arlington, DC"
515,METRO47900M47900,Alexandria,DC,1513,1561,1454,1500,1548,"Alexandria, DC"
517,METRO27260N12003,Baker County,FL,645,632,622,598,599,"Baker County, FL"
518,METRO37460M37460,Panama City,FL,813,857,867,805,933,"Panama City, FL"
519,METRO37460M37460,Lynn Haven,FL,813,857,867,805,933,"Lynn Haven, FL"
520,METRO37460M37460,Panama City Beach,FL,813,857,867,805,933,"Panama City Beach, FL"
521,METRO37340M37340,Palm Bay,FL,697,803,797,866,921,"Palm Bay, FL"
522,METRO37340M37340,Melbourne,FL,697,803,797,866,921,"Melbourne, FL"
523,METRO37340M37340,Titusville,FL,697,803,797,866,921,"Titusville, FL"
524,METRO33100MM2680,Fort Lauderdale,FL,1023,1086,1135,1208,1198,"Fort Lauderdale, FL"
525,METRO39460M39460,Punta Gorda,FL,661,671,760,818,866,"Punta Gorda, FL"
526,METRO26140M26140,Homosassa Springs,FL,580,600,640,648,679,"Homosassa Springs, FL"
528,METRO34940M34940,Naples,FL,973,996,1082,1126,1118,"Naples, FL"
529,METRO34940M34940,Immokalee,FL,973,996,1082,1126,1118,"Immokalee, FL"
530,METRO34940M34940,Marco Island,FL,973,996,1082,1126,1118,"Marco Island, FL"
535,METRO19660M37380,Palm Coast,FL,848,816,935,881,854,"Palm Coast, FL"
537,METRO23540M23540,Gainesville,FL,717,725,773,795,897,"Gainesville, FL"
538,METRO37460N12045,Gulf County,FL,749,674,700,644,764,"Gulf County, FL"
542,METRO42700M42700,Sebring,FL,561,594,636,643,661,"Sebring, FL"
546,METRO42680M42680,Sebastian,FL,701,744,802,853,881,"Sebastian, FL"
547,METRO42680M42680,Vero Beach,FL,701,744,802,853,881,"Vero Beach, FL"
552,METRO15980M15980,Cape Coral,FL,741,773,838,946,951,"Cape Coral, FL"
553,METRO15980M15980,Fort Myers,FL,741,773,838,946,951,"Fort Myers, FL"
554,METRO45220M45220,Tallahassee,FL,736,771,776,829,843,"Tallahassee, FL"
558,METRO36100M36100,Ocala,FL,675,674,712,730,757,"Ocala, FL"
560,METRO33100MM5000,Miami,FL,1020,1066,1147,1285,1231,"Miami, FL"
561,METRO33100MM5000,Miami Beach,FL,1020,1066,1147,1285,1231,"Miami Beach, FL"
562,METRO33100MM5000,Kendall,FL,1020,1066,1147,1285,1231,"Kendall, FL"
564,METRO18880M18880,Crestview,FL,810,858,852,947,983,"Crestview, FL"
565,METRO18880M18880,Fort Walton Beach,FL,810,858,852,947,983,"Fort Walton Beach, FL"
566,METRO18880M18880,Destin,FL,810,858,852,947,983,"Destin, FL"
573,METRO33100MM8960,West Palm Beach,FL,1093,1136,1145,1208,1180,"West Palm Beach, FL"
574,METRO33100MM8960,Boca Raton,FL,1093,1136,1145,1208,1180,"Boca Raton, FL"
578,METRO45300M45300,Tampa,FL,815,842,916,981,1040,"Tampa, FL"
579,METRO45300M45300,St. Petersburg,FL,815,842,916,981,1040,"St. Petersburg, FL"
580,METRO45300M45300,Clearwater,FL,815,842,916,981,1040,"Clearwater, FL"
581,METRO29460M29460,Lakeland,FL,640,652,708,702,799,"Lakeland, FL"
582,METRO29460M29460,Winter Haven,FL,640,652,708,702,799,"Winter Haven, FL"
583,METRO27260M27260,Jacksonville,FL,791,775,798,872,921,"Jacksonville, FL"
584,METRO38940M38940,Port St. Lucie,FL,831,825,873,938,932,"Port St. Lucie, FL"
585,METRO37860M37860,Pensacola,FL,749,706,794,803,840,"Pensacola, FL"
586,METRO37860M37860,Ferry Pass,FL,749,706,794,803,840,"Ferry Pass, FL"
587,METRO37860M37860,Brent,FL,749,706,794,803,840,"Brent, FL"
588,METRO35840M35840,North Port,FL,827,841,925,951,992,"North Port, FL"
589,METRO35840M35840,Sarasota,FL,827,841,925,951,992,"Sarasota, FL"
590,METRO35840M35840,Bradenton,FL,827,841,925,951,992,"Bradenton, FL"
591,METRO36740M36740,Orlando,FL,837,919,1004,1064,1140,"Orlando, FL"
592,METRO36740M36740,Kissimmee,FL,837,919,1004,1064,1140,"Kissimmee, FL"
593,METRO36740M36740,Sanford,FL,837,919,1004,1064,1140,"Sanford, FL"
594,METRO45540M45540,The Villages,FL,581,593,640,659,718,"The Villages, FL"
595,METRO19660M19660,Deltona,FL,764,768,868,900,856,"Deltona, FL"
596,METRO19660M19660,Daytona Beach,FL,764,768,868,900,856,"Daytona Beach, FL"
597,METRO19660M19660,Ormond Beach,FL,764,768,868,900,856,"Ormond Beach, FL"
598,METRO45220N12129,Wakulla County,FL,719,774,772,761,738,"Wakulla County, FL"
599,METRO18880N12131,Walton County,FL,715,744,718,773,847,"Walton County, FL"
612,METRO12060N13035,Butts County,GA,605,662,681,694,657,"Butts County, GA"
647,METRO42340M42340,Savannah,GA,801,926,870,887,921,"Savannah, GA"
651,METRO40660M40660,Rome,GA,520,561,607,613,627,"Rome, GA"
662,METRO23580M23580,Gainesville,GA,682,725,779,789,834,"Gainesville, GA"
663,METRO12060N13143,Haralson County,GA,554,625,690,697,657,"Haralson County, GA"
671,METRO47580M47580,Warner Robins,GA,676,705,780,786,786,"Warner Robins, GA"
675,METRO12060N13171,Lamar County,GA,475,540,601,673,652,"Lamar County, GA"
678,METRO25980M25980,Hinesville,GA,782,731,775,781,831,"Hinesville, GA"
679,METRO12260N13181,Lincoln County,GA,517,574,576,590,587,"Lincoln County, GA"
680,METRO25980N13183,Long County,GA,641,577,600,543,586,"Long County, GA"
681,METRO46660M46660,Valdosta,GA,542,558,536,552,591,"Valdosta, GA"
684,METRO15260M15260,Brunswick,GA,606,583,637,657,684,"Brunswick, GA"
688,METRO12060N13199,Meriwether County,GA,498,543,572,628,609,"Meriwether County, GA"
689,METRO31420N13207,Monroe County,GA,679,651,628,632,623,"Monroe County, GA"
690,METRO12060N13211,Morgan County,GA,616,697,758,806,726,"Morgan County, GA"
691,METRO19140N13213,Murray County,GA,471,513,532,533,555,"Murray County, GA"
692,METRO17980M17980,Columbus,GA,648,685,714,670,717,"Columbus, GA"
698,METRO12020M12020,Athens,GA,696,666,667,723,699,"Athens, GA"
699,METRO12020M12020,Clarke County,GA,696,666,667,723,699,"Clarke County, GA"
703,METRO47580N13225,Peach County,GA,547,579,587,551,556,"Peach County, GA"
710,METRO47580N13235,Pulaski County,GA,517,574,576,572,568,"Pulaski County, GA"
711,METRO12260M12260,Augusta,GA,618,636,697,722,708,"Augusta, GA"
712,METRO12260M12260,Richmond County,GA,618,636,697,722,708,"Richmond County, GA"
720,METRO16860M16860,Chattanooga,GA,661,656,694,686,694,"Chattanooga, GA"
721,METRO12060M12060,Atlanta,GA,858,898,966,1025,1040,"Atlanta, GA"
722,METRO12060M12060,Sandy Springs,GA,858,898,966,1025,1040,"Sandy Springs, GA"
723,METRO12060M12060,Roswell,GA,858,898,966,1025,1040,"Roswell, GA"
724,METRO19140M19140,Dalton,GA,550,597,635,604,607,"Dalton, GA"
725,METRO10500M10500,Albany,GA,616,588,567,623,645,"Albany, GA"
726,METRO46520M46520,Urban Honolulu,HI,1492,1527,1563,1640,1577,"Urban Honolulu, HI"
728,METRO38540M38540,Pocatello,ID,512,541,530,585,593,"Pocatello, ID"
731,METRO26820N16023,Butte County,ID,551,540,556,605,599,"Butte County, ID"
733,METRO30860M30860,Logan,ID,555,573,564,567,618,"Logan, ID"
734,METRO14260N16045,Gem County,ID,550,594,608,648,718,"Gem County, ID"
735,METRO26820M26820,Idaho Falls,ID,558,558,565,645,670,"Idaho Falls, ID"
736,METRO17660M17660,Coeur d'Alene,ID,608,641,654,726,755,"Coeur d'Alene, ID"
737,METRO30300M30300,Lewiston,ID,538,584,611,659,672,"Lewiston, ID"
738,METRO14260M14260,Boise City,ID,629,676,688,748,801,"Boise City, ID"
739,METRO16020M16020,Cape Girardeau,IL,554,530,565,587,612,"Cape Girardeau, IL"
740,METRO41180N17005,Bond County,IL,584,612,628,567,585,"Bond County, IL"
749,METRO16980MM2050,DeKalb County,IL,691,720,733,769,805,"DeKalb County, IL"
750,METRO14010N17039,De Witt County,IL,510,542,567,565,557,"De Witt County, IL"
756,METRO16980MM3170,Grundy County,IL,779,813,849,879,893,"Grundy County, IL"
760,METRO16060N17077,Jackson County,IL,582,566,563,571,580,"Jackson County, IL"
765,METRO28100M28100,Kankakee,IL,676,668,674,692,717,"Kankakee, IL"
766,METRO16980MM3780,Kendall County,IL,828,921,934,947,974,"Kendall County, IL"
773,METRO14010M14060,Bloomington,IL,613,677,647,648,682,"Bloomington, IL"
774,METRO19500M19500,Decatur,IL,531,584,571,588,614,"Decatur, IL"
775,METRO41180N17117,Macoupin County,IL,492,504,527,530,539,"Macoupin County, IL"
784,METRO16580M16580,Champaign,IL,668,695,696,730,739,"Champaign, IL"
785,METRO16580M16580,Urbana,IL,668,695,696,730,739,"Urbana, IL"
786,METRO19340M19340,Davenport,IL,578,607,648,615,626,"Davenport, IL"
787,METRO19340M19340,Moline,IL,578,607,648,615,626,"Moline, IL"
788,METRO19340M19340,Rock Island,IL,578,607,648,615,626,"Rock Island, IL"
789,METRO41180M41180,St. Louis,IL,690,692,713,701,731,"St. Louis, IL"
790,METRO44100M44100,Springfield,IL,604,636,657,627,684,"Springfield, IL"
793,METRO19180M19180,Danville,IL,537,568,561,572,598,"Danville, IL"
794,METRO16980M16980,Chicago,IL,1055,1014,1044,1076,1122,"Chicago, IL"
795,METRO16980M16980,Joliet,IL,1055,1014,1044,1076,1122,"Joliet, IL"
796,METRO16980M16980,Naperville,IL,1055,1014,1044,1076,1122,"Naperville, IL"
797,METRO16060N17199,Williamson County,IL,506,523,529,563,578,"Williamson County, IL"
798,METRO40420M40420,Rockford,IL,578,584,605,629,606,"Rockford, IL"
799,METRO37900M37900,Peoria,IL,604,610,629,606,675,"Peoria, IL"
801,METRO18020M18020,Columbus,IN,720,707,717,728,764,"Columbus, IN"
808,METRO29200N18015,Carroll County,IN,514,524,520,542,555,"Carroll County, IN"
812,METRO34620M34620,Muncie,IN,527,552,559,573,578,"Muncie, IN"
813,METRO21140M21140,Elkhart,IN,567,597,619,630,640,"Elkhart, IN"
814,METRO21140M21140,Goshen,IN,567,597,619,630,640,"Goshen, IN"
820,METRO31140M31140,Louisville,IN,629,656,688,713,760,"Louisville, IN"
823,METRO29020M29020,Kokomo,IN,561,532,556,573,579,"Kokomo, IN"
824,METRO16980N18073,Jasper County,IN,576,617,637,669,685,"Jasper County, IN"
828,METRO33140M33140,Michigan City,IN,548,572,594,607,602,"Michigan City, IN"
829,METRO33140M33140,La Porte,IN,548,572,594,607,602,"La Porte, IN"
830,METRO26900M11300,Anderson,IN,587,568,610,624,619,"Anderson, IN"
833,METRO14020MM1020,Bloomington,IN,688,709,736,689,748,"Bloomington, IN"
837,METRO17140M17140,Cincinnati,IN,613,643,670,658,698,"Cincinnati, IN"
838,METRO14020N18119,Owen County,IN,579,580,606,569,581,"Owen County, IN"
839,METRO16980MM2960,Gary,IN,710,741,751,746,749,"Gary, IN"
841,METRO26900N18133,Putnam County,IN,544,539,566,581,590,"Putnam County, IN"
842,METRO43780M43780,South Bend,IN,635,689,652,687,706,"South Bend, IN"
843,METRO43780M43780,Mishawaka,IN,635,689,652,687,706,"Mishawaka, IN"
844,METRO31140N18143,Scott County,IN,546,588,616,607,645,"Scott County, IN"
845,METRO26900M26900,Indianapolis,IN,689,696,751,778,781,"Indianapolis, IN"
846,METRO26900M26900,Carmel,IN,689,696,751,778,781,"Carmel, IN"
847,METRO45460N18153,Sullivan County,IN,620,586,610,601,599,"Sullivan County, IN"
848,METRO29200M29140,Lafayette,IN,682,690,707,721,753,"Lafayette, IN"
849,METRO29200M29140,West Lafayette,IN,682,690,707,721,753,"West Lafayette, IN"
850,METRO17140N18161,Union County,IN,577,593,588,542,571,"Union County, IN"
853,METRO45460M45460,Terre Haute,IN,594,607,637,625,636,"Terre Haute, IN"
854,METRO21780M21780,Evansville,IN,605,595,612,624,670,"Evansville, IN"
855,METRO31140N18175,Washington County,IN,546,556,541,542,555,"Washington County, IN"
857,METRO23060M23060,Fort Wayne,IN,544,590,615,611,632,"Fort Wayne, IN"
858,METRO16300N19011,Benton County,IA,515,517,526,535,545,"Benton County, IA"
861,METRO47940N19017,Bremer County,IA,529,525,564,522,578,"Bremer County, IA"
864,METRO20220M20220,Dubuque,IA,616,586,599,595,612,"Dubuque, IA"
865,METRO47940M47940,Waterloo,IA,597,603,662,604,670,"Waterloo, IA"
866,METRO47940M47940,Cedar Falls,IA,597,603,662,604,670,"Cedar Falls, IA"
871,METRO26980MM3500,Iowa City,IA,771,723,684,774,803,"Iowa City, IA"
872,METRO16300N19105,Jones County,IA,488,491,503,522,543,"Jones County, IA"
873,METRO16300M16300,Cedar Rapids,IA,575,582,614,590,602,"Cedar Rapids, IA"
878,METRO43580N19149,Plymouth County,IA,497,521,530,564,592,"Plymouth County, IA"
881,METRO36540M36540,Omaha,IA,715,744,744,762,798,"Omaha, IA"
882,METRO36540M36540,Council Bluffs,IA,715,744,744,762,798,"Council Bluffs, IA"
883,METRO19340M19340,Davenport,IA,578,607,648,615,626,"Davenport, IA"
884,METRO19340M19340,Moline,IA,578,607,648,615,626,"Moline, IA"
885,METRO19340M19340,Rock Island,IA,578,607,648,615,626,"Rock Island, IA"
886,METRO11180M11180,Ames,IA,663,735,760,706,752,"Ames, IA"
887,METRO19780M19780,Des Moines,IA,669,708,736,730,738,"Des Moines, IA"
888,METRO19780M19780,West Des Moines,IA,669,708,736,730,738,"West Des Moines, IA"
889,METRO26980N19183,Washington County,IA,603,584,554,611,621,"Washington County, IA"
890,METRO43580M43580,Sioux City,IA,567,606,620,610,631,"Sioux City, IA"
892,METRO41140M41140,St. Joseph,KS,547,576,591,610,620,"St. Joseph, KS"
893,METRO29940M29940,Lawrence,KS,640,640,706,733,756,"Lawrence, KS"
898,METRO48620N20095,Kingman County,KS,512,524,518,556,599,"Kingman County, KS"
904,METRO31740M31740,Manhattan,KS,631,767,727,757,720,"Manhattan, KS"
905,METRO48620M48620,Wichita,KS,575,609,598,630,658,"Wichita, KS"
907,METRO48620N20191,Sumner County,KS,512,544,531,561,576,"Sumner County, KS"
908,METRO45820M45820,Topeka,KS,576,594,593,598,608,"Topeka, KS"
909,METRO28140M28140,Kansas City,KS,772,713,786,813,857,"Kansas City, KS"
910,METRO14540N21003,Allen County,KY,490,529,485,497,524,"Allen County, KY"
918,METRO14540N21031,Butler County,KY,490,479,467,479,503,"Butler County, KY"
928,METRO17140MM3020,Grant County,KY,557,587,634,649,690,"Grant County, KY"
929,METRO26580M26580,Huntington,KY,569,575,609,669,652,"Huntington, KY"
930,METRO26580M26580,Ashland,KY,569,575,609,669,652,"Ashland, KY"
933,METRO21780M21780,Evansville,KY,605,595,612,624,670,"Evansville, KY"
939,METRO21060M21060,Elizabethtown,KY,566,563,579,593,642,"Elizabethtown, KY"
940,METRO36980M36980,Owensboro,KY,514,537,571,605,623,"Owensboro, KY"
941,METRO21060N21163,Meade County,KY,536,551,557,568,603,"Meade County, KY"
943,METRO17140M17140,Cincinnati,KY,613,643,670,658,698,"Cincinnati, KY"
946,METRO31140N21211,Shelby County,KY,551,601,618,636,658,"Shelby County, KY"
948,METRO17300M17300,Clarksville,KY,596,660,689,691,689,"Clarksville, KY"
949,METRO31140M31140,Louisville,KY,629,656,688,713,760,"Louisville, KY"
950,METRO14540M14540,Bowling Green,KY,555,612,615,629,660,"Bowling Green, KY"
951,METRO30460M30460,Lexington,KY,605,639,692,678,728,"Lexington, KY"
952,METRO30460M30460,Fayette,KY,605,639,692,678,728,"Fayette, KY"
953,METRO29180N22001,Acadia Parish,LA,454,511,485,539,550,"Acadia Parish, LA"
960,METRO29340M29340,Lake Charles,LA,630,638,661,663,674,"Lake Charles, LA"
961,METRO43340M43340,Shreveport,LA,754,710,718,739,715,"Shreveport, LA"
962,METRO43340M43340,Bossier City,LA,754,710,718,739,715,"Bossier City, LA"
966,METRO29180N22045,Iberia Parish,LA,518,584,594,610,601,"Iberia Parish, LA"
967,METRO12940N22047,Iberville Parish,LA,501,580,663,624,700,"Iberville Parish, LA"
980,METRO10780M10780,Alexandria,LA,634,600,623,640,650,"Alexandria, LA"
986,METRO35380N22093,St. James Parish,LA,524,592,611,614,610,"St. James Parish, LA"
989,METRO29180M29180,Lafayette,LA,731,751,730,795,790,"Lafayette, LA"
990,METRO35380M35380,New Orleans,LA,796,827,844,908,899,"New Orleans, LA"
991,METRO35380M35380,Metairie,LA,796,827,844,908,899,"Metairie, LA"
992,METRO25220M25220,Hammond,LA,610,635,645,671,693,"Hammond, LA"
993,METRO26380M26380,Houma,LA,666,650,669,690,705,"Houma, LA"
994,METRO26380M26380,Thibodaux,LA,666,650,669,690,705,"Thibodaux, LA"
995,METRO33740M33740,Monroe,LA,626,566,579,600,610,"Monroe, LA"
996,METRO29180N22113,Vermilion Parish,LA,560,592,582,615,639,"Vermilion Parish, LA"
997,METRO43340N22119,Webster Parish,LA,535,592,560,597,584,"Webster Parish, LA"
999,METRO12940M12940,Baton Rouge,LA,742,789,849,765,856,"Baton Rouge, LA"
1026,METRO30340M30340,Lewiston,ME,660,668,712,658,737,"Lewiston, ME"
1027,METRO30340M30340,Auburn,ME,660,668,712,658,737,"Auburn, ME"
1050,METRO38860N23005,Cumberland County,ME,688,755,826,815,930,"Cumberland County, ME"
1118,METRO12620MM0730,Bangor,ME,678,740,784,743,826,"Bangor, ME"
1122,METRO12620N23019,Penobscot County,ME,573,634,662,616,658,"Penobscot County, ME"
1133,METRO38860N23023,Sagadahoc County,ME,720,789,832,798,892,"Sagadahoc County, ME"
1160,METRO38860MM6400,Portland,ME,851,1054,1071,1167,1229,"Portland, ME"
1169,METRO38860N23031,York County,ME,725,798,874,837,936,"York County, ME"
1170,METRO38860MM6450,York,ME,893,944,1039,1008,1118,"York, ME"
1171,METRO38860MM6450,Kittery,ME,893,944,1039,1008,1118,"Kittery, ME"
1172,METRO38860MM6450,South Berwick,ME,893,944,1039,1008,1118,"South Berwick, ME"
1173,METRO19060M19060,Cumberland,MD,592,606,593,587,587,"Cumberland, MD"
1186,METRO37980M37980,Philadelphia,MD,1003,1047,992,1013,1040,"Philadelphia, MD"
1187,METRO37980M37980,Camden,MD,1003,1047,992,1013,1040,"Camden, MD"
1188,METRO37980M37980,Wilmington,MD,1003,1047,992,1013,1040,"Wilmington, MD"
1204,METRO47900M47900,Washington,MD,1513,1561,1454,1500,1548,"Washington, MD"
1205,METRO47900M47900,Arlington,MD,1513,1561,1454,1500,1548,"Arlington, MD"
1206,METRO47900M47900,Alexandria,MD,1513,1561,1454,1500,1548,"Alexandria, MD"
1210,METRO15680M15680,California,MD,1080,1126,1102,1091,1102,"California, MD"
1211,METRO15680M15680,Lexington Park,MD,1080,1126,1102,1091,1102,"Lexington Park, MD"
1212,METRO41540N24039,Somerset County,MD,636,664,718,647,666,"Somerset County, MD"
1213,METRO25180MM3180,Hagerstown,MD,658,695,742,676,683,"Hagerstown, MD"
1214,METRO41540M41540,Salisbury,MD,712,782,899,810,802,"Salisbury, MD"
1215,METRO41540N24047,Worcester County,MD,719,761,816,735,752,"Worcester County, MD"
1216,METRO12580M12580,Baltimore,MD,1097,1125,1074,1105,1115,"Baltimore, MD"
1217,METRO12580M12580,Columbia,MD,1097,1125,1074,1105,1115,"Columbia, MD"
1218,METRO12580M12580,Towson,MD,1097,1125,1074,1105,1115,"Towson, MD"
1233,METRO12700M12700,Barnstable Town,MA,933,1083,1152,1149,1265,"Barnstable Town, MA"
1260,METRO38340M38340,Pittsfield,MA,733,817,843,815,916,"Pittsfield, MA"
1265,METRO38340N25003,Berkshire County,MA,768,877,906,872,892,"Berkshire County, MA"
1285,METRO39300MM5400,New Bedford,MA,717,761,777,784,818,"New Bedford, MA"
1291,METRO39300MM1200,Easton,MA,1011,1071,1124,1158,1240,"Easton, MA"
1292,METRO39300MM1200,Raynham,MA,1011,1071,1124,1158,1240,"Raynham, MA"
1301,METRO39300MM1120,Taunton,MA,851,928,956,953,996,"Taunton, MA"
1302,METRO39300MM1120,Mansfield,MA,851,928,956,953,996,"Mansfield, MA"
1303,METRO39300MM1120,Norton,MA,851,928,956,953,996,"Norton, MA"
1304,METRO39300M39300,Providence,MA,827,849,889,898,955,"Providence, MA"
1305,METRO39300M39300,Fall River,MA,827,849,889,898,955,"Fall River, MA"
1387,METRO14460MM4160,Lawrence,MA,1024,929,1057,1117,1148,"Lawrence, MA"
1430,METRO44140M44140,Springfield,MA,844,884,831,875,891,"Springfield, MA"
1560,METRO14460MM4560,Lowell,MA,954,1098,1179,1188,1193,"Lowell, MA"
1707,METRO14460MM1200,Brockton,MA,904,1064,1136,1160,1184,"Brockton, MA"
1717,METRO14460MM1120,Boston,MA,1372,1421,1801,1900,1924,"Boston, MA"
1718,METRO14460MM1120,Cambridge,MA,1372,1421,1801,1900,1924,"Cambridge, MA"
1719,METRO14460MM1120,Quincy,MA,1372,1421,1801,1900,1924,"Quincy, MA"
1776,METRO49340MM1120,Eastern Worcester County,MA,972,959,940,937,961,"Eastern Worcester County, MA"
1778,METRO49340N25027,Western Worcester County,MA,680,730,718,731,741,"Western Worcester County, MA"
1785,METRO49340MM2600,Fitchburg,MA,774,822,832,818,812,"Fitchburg, MA"
1786,METRO49340MM2600,Leominster,MA,774,822,832,818,812,"Leominster, MA"
1787,METRO49340M49340,Worcester,MA,839,942,946,1100,1134,"Worcester, MA"
1788,METRO24340N26015,Barry County,MI,573,619,696,682,690,"Barry County, MI"
1789,METRO13020M13020,Bay City,MI,546,567,583,557,589,"Bay City, MI"
1790,METRO35660M35660,Niles,MI,537,567,558,582,619,"Niles, MI"
1791,METRO35660M35660,Benton Harbor,MI,537,567,558,582,619,"Benton Harbor, MI"
1792,METRO12980M12980,Battle Creek,MI,642,585,601,632,661,"Battle Creek, MI"
1793,METRO43780N26027,Cass County,MI,555,597,578,612,609,"Cass County, MI"
1798,METRO22420M22420,Flint,MI,555,586,570,604,609,"Flint, MI"
1799,METRO29620M29620,Lansing,MI,659,690,730,722,740,"Lansing, MI"
1800,METRO29620M29620,East Lansing,MI,659,690,730,722,740,"East Lansing, MI"
1801,METRO27100M27100,Jackson,MI,604,612,660,668,709,"Jackson, MI"
1804,METRO24340M24340,Grand Rapids,MI,668,713,736,789,817,"Grand Rapids, MI"
1805,METRO24340M24340,Wyoming,MI,668,713,736,789,817,"Wyoming, MI"
1809,METRO19820MM0440,Livingston County,MI,698,732,762,801,881,"Livingston County, MI"
1813,METRO33220M33220,Midland,MI,577,600,621,611,627,"Midland, MI"
1814,METRO33780M33780,Monroe,MI,629,648,664,656,691,"Monroe, MI"
1815,METRO24340N26117,Montcalm County,MI,537,583,596,598,643,"Montcalm County, MI"
1816,METRO34740M34740,Muskegon,MI,544,571,602,593,626,"Muskegon, MI"
1820,METRO24340M26100,Holland,MI,670,721,763,735,822,"Holland, MI"
1821,METRO24340M26100,Grand Haven,MI,670,721,763,735,822,"Grand Haven, MI"
1822,METRO40980M40980,Saginaw,MI,594,578,628,603,632,"Saginaw, MI"
1826,METRO28020M28020,Kalamazoo,MI,629,659,644,678,705,"Kalamazoo, MI"
1827,METRO28020M28020,Portage,MI,629,659,644,678,705,"Portage, MI"
1828,METRO11460M11460,Ann Arbor,MI,850,905,929,921,1043,"Ann Arbor, MI"
1829,METRO19820M19820,Detroit,MI,701,727,753,764,821,"Detroit, MI"
1830,METRO19820M19820,Warren,MI,701,727,753,764,821,"Warren, MI"
1831,METRO19820M19820,Livonia,MI,701,727,753,764,821,"Livonia, MI"
1845,METRO22020M22020,Fargo,MN,602,643,691,676,712,"Fargo, MN"
1850,METRO40340N27045,Fillmore County,MN,517,525,529,542,557,"Fillmore County, MN"
1854,METRO29100M29100,La Crosse,MN,612,596,624,629,673,"La Crosse, MN"
1855,METRO29100M29100,Onalaska,MN,612,596,624,629,673,"Onalaska, MN"
1859,METRO33460N27079,Le Sueur County,MN,561,571,601,654,709,"Le Sueur County, MN"
1860,METRO33460N27095,Mille Lacs County,MN,675,674,664,684,710,"Mille Lacs County, MN"
1861,METRO31860M31860,Mankato,MN,697,661,715,704,732,"Mankato, MN"
1862,METRO31860M31860,North Mankato,MN,697,661,715,704,732,"North Mankato, MN"
1863,METRO40340M40340,Rochester,MN,720,655,734,777,789,"Rochester, MN"
1864,METRO24220M24220,Grand Forks,MN,654,745,671,650,694,"Grand Forks, MN"
1868,METRO20260M20260,Duluth,MN,603,662,670,622,671,"Duluth, MN"
1875,METRO33460N27143,Sibley County,MN,522,530,584,621,660,"Sibley County, MN"
1876,METRO41060M41060,St. Cloud,MN,598,651,698,657,671,"St. Cloud, MN"
1877,METRO40340N27157,Wabasha County,MN,606,571,625,650,616,"Wabasha County, MN"
1881,METRO33460M33460,Minneapolis,MN,862,864,915,971,1054,"Minneapolis, MN"
1882,METRO33460M33460,St. Paul,MN,862,864,915,971,1054,"St. Paul, MN"
1883,METRO33460M33460,Bloomington,MN,862,864,915,971,1054,"Bloomington, MN"
1884,METRO32820N28009,Benton County,MS,590,576,569,577,600,"Benton County, MS"
1886,METRO32820M32820,Memphis,MS,707,705,742,755,784,"Memphis, MS"
1890,METRO25060M25060,Gulfport,MS,673,667,681,732,701,"Gulfport, MS"
1891,METRO25060M25060,Biloxi,MS,673,667,681,732,701,"Biloxi, MS"
1893,METRO25060M37700,Pascagoula,MS,684,644,655,713,700,"Pascagoula, MS"
1896,METRO32820N28093,Marshall County,MS,580,563,564,585,615,"Marshall County, MS"
1897,METRO25620M25620,Hattiesburg,MS,721,649,625,680,716,"Hattiesburg, MS"
1898,METRO27140M27140,Jackson,MS,710,736,729,774,794,"Jackson, MS"
1899,METRO27140N28127,Simpson County,MS,590,580,602,657,676,"Simpson County, MS"
1900,METRO32820N28137,Tate County,MS,562,611,617,611,604,"Tate County, MS"
1901,METRO32820N28143,Tunica County,MS,620,632,676,692,714,"Tunica County, MS"
1902,METRO27140N28163,Yazoo County,MS,522,529,523,540,571,"Yazoo County, MS"
1904,METRO28140N29013,Bates County,MO,479,482,521,530,536,"Bates County, MO"
1906,METRO17860M17860,Columbia,MO,619,616,659,741,722,"Columbia, MO"
1909,METRO27620N29027,Callaway County,MO,485,502,521,548,568,"Callaway County, MO"
1910,METRO16020M16020,Cape Girardeau,MO,554,530,565,587,612,"Cape Girardeau, MO"
1917,METRO44180N29059,Dallas County,MO,481,497,497,557,581,"Dallas County, MO"
1918,METRO41140M41140,St. Joseph,MO,547,576,591,610,620,"St. Joseph, MO"
1926,METRO22220N29119,McDonald County,MO,509,530,550,557,581,"McDonald County, MO"
1927,METRO27620N29135,Moniteau County,MO,497,482,488,481,502,"Moniteau County, MO"
1928,METRO27900M27900,Joplin,MO,551,611,567,563,611,"Joplin, MO"
1929,METRO27620M27620,Jefferson City,MO,495,495,502,525,546,"Jefferson City, MO"
1931,METRO44180N29167,Polk County,MO,479,489,494,521,528,"Polk County, MO"
1932,METRO28140M28140,Kansas City,MO,772,713,786,813,857,"Kansas City, MO"
1936,METRO44180M44180,Springfield,MO,545,589,561,583,595,"Springfield, MO"
1937,METRO41180M41180,St. Louis,MO,690,692,713,701,731,"St. Louis, MO"
1939,METRO24500M24500,Great Falls,MT,542,568,587,569,613,"Great Falls, MT"
1940,METRO13740N30037,Golden Valley County,MT,512,707,637,574,569,"Golden Valley County, MT"
1941,METRO33540M33540,Missoula,MT,691,735,732,722,772,"Missoula, MT"
1942,METRO13740M13740,Billings,MT,646,708,680,675,725,"Billings, MT"
1946,METRO43580M43580,Sioux City,NE,567,606,620,610,631,"Sioux City, NE"
1949,METRO24260N31079,Hall County,NE,532,579,577,605,628,"Hall County, NE"
1950,METRO24260N31081,Hamilton County,NE,486,530,529,537,557,"Hamilton County, NE"
1951,METRO24260N31093,Howard County,NE,486,491,529,530,557,"Howard County, NE"
1952,METRO30700M30700,Lincoln,NE,606,634,620,667,675,"Lincoln, NE"
1953,METRO24260N31121,Merrick County,NE,560,560,572,530,557,"Merrick County, NE"
1956,METRO36540N31155,Saunders County,NE,557,583,573,575,590,"Saunders County, NE"
1957,METRO30700N31159,Seward County,NE,545,551,529,552,557,"Seward County, NE"
1958,METRO36540M36540,Omaha,NE,715,744,744,762,798,"Omaha, NE"
1959,METRO36540M36540,Council Bluffs,NE,715,744,744,762,798,"Council Bluffs, NE"
1960,METRO29820M29820,Las Vegas,NV,769,784,791,877,937,"Las Vegas, NV"
1961,METRO29820M29820,Henderson,NV,769,784,791,877,937,"Henderson, NV"
1962,METRO29820M29820,Paradise,NV,769,784,791,877,937,"Paradise, NV"
1964,METRO39900M39900,Reno,NV,706,757,811,846,964,"Reno, NV"
1965,METRO16180M16180,Carson City,NV,645,682,679,733,788,"Carson City, NV"
1994,METRO31700MM4760,Manchester,NH,936,965,970,948,1038,"Manchester, NH"
1995,METRO31700MM5350,Nashua,NH,895,938,1086,1036,1147,"Nashua, NH"
1996,METRO31700N33011,Hillsborough County,NH,824,854,967,880,935,"Hillsborough County, NH"
2036,METRO14460MM4760,Western Rockingham County,NH,1011,1094,1151,1162,1160,"Western Rockingham County, NH"
2048,METRO14460MM1120,Boston,NH,1372,1421,1801,1900,1924,"Boston, NH"
2049,METRO14460MM1120,Cambridge,NH,1372,1421,1801,1900,1924,"Cambridge, NH"
2050,METRO14460MM1120,Quincy,NH,1372,1421,1801,1900,1924,"Quincy, NH"
2053,METRO14460MM4160,Lawrence,NH,1024,929,1057,1117,1148,"Lawrence, NH"
2078,METRO14460MM6450,Portsmouth,NH,937,940,916,1029,1033,"Portsmouth, NH"
2079,METRO14460MM6450,Rochester,NH,937,940,916,1029,1033,"Rochester, NH"
2080,METRO12100M12100,Atlantic City,NJ,1013,1020,1003,1028,1108,"Atlantic City, NJ"
2081,METRO12100M12100,Hammonton,NJ,1013,1020,1003,1028,1108,"Hammonton, NJ"
2090,METRO36140M36140,Ocean City,NJ,933,930,998,1012,1069,"Ocean City, NJ"
2091,METRO47220M47220,Vineland,NJ,878,873,936,960,1037,"Vineland, NJ"
2092,METRO47220M47220,Bridgeton,NJ,878,873,936,960,1037,"Bridgeton, NJ"
2097,METRO35620MM3640,Jersey City,NJ,1278,1351,1322,1439,1686,"Jersey City, NJ"
2101,METRO45940M45940,Trenton,NJ,1109,1072,1082,1128,1170,"Trenton, NJ"
2108,METRO35620MM5190,Monmouth,NJ,1156,1126,1137,1270,1291,"Monmouth, NJ"
2109,METRO35620MM5190,Ocean,NJ,1156,1126,1137,1270,1291,"Ocean, NJ"
2110,METRO35620MM0875,Bergen,NJ,1328,1439,1425,1377,1503,"Bergen, NJ"
2111,METRO35620MM0875,Passaic,NJ,1328,1439,1425,1377,1503,"Passaic, NJ"
2112,METRO37980M37980,Philadelphia,NJ,1003,1047,992,1013,1040,"Philadelphia, NJ"
2113,METRO37980M37980,Camden,NJ,1003,1047,992,1013,1040,"Camden, NJ"
2114,METRO37980M37980,Wilmington,NJ,1003,1047,992,1013,1040,"Wilmington, NJ"
2115,METRO35620MM5015,Middlesex,NJ,1296,1268,1360,1382,1371,"Middlesex, NJ"
2116,METRO35620MM5015,Somerset,NJ,1296,1268,1360,1382,1371,"Somerset, NJ"
2117,METRO35620MM5015,Hunterdon,NJ,1296,1268,1360,1382,1371,"Hunterdon, NJ"
2119,METRO35620MM5640,Newark,NJ,1063,1082,1188,1218,1358,"Newark, NJ"
2120,METRO10900MM5640,Warren County,NJ,927,1020,1069,963,1037,"Warren County, NJ"
2122,METRO29740M29740,Las Cruces,NM,573,612,574,602,603,"Las Cruces, NM"
2124,METRO22140M22140,Farmington,NM,641,656,674,713,695,"Farmington, NM"
2125,METRO42140M42140,Santa Fe,NM,878,854,928,928,940,"Santa Fe, NM"
2127,METRO10740M10740,Albuquerque,NM,716,707,711,713,770,"Albuquerque, NM"
2133,METRO21300M21300,Elmira,NY,641,640,663,671,733,"Elmira, NY"
2142,METRO48060M48060,Watertown,NY,824,759,880,834,794,"Watertown, NY"
2143,METRO48060M48060,Fort Drum,NY,824,759,880,834,794,"Fort Drum, NY"
2151,METRO15380M15380,Buffalo,NY,666,660,695,703,772,"Buffalo, NY"
2152,METRO15380M15380,Cheektowaga,NY,666,660,695,703,772,"Cheektowaga, NY"
2153,METRO15380M15380,Niagara Falls,NY,666,660,695,703,772,"Niagara Falls, NY"
2154,METRO46540M46540,Utica,NY,634,600,608,613,625,"Utica, NY"
2155,METRO46540M46540,Rome,NY,634,600,608,613,625,"Rome, NY"
2158,METRO35620M39100,Poughkeepsie,NY,1021,1057,1073,1112,1160,"Poughkeepsie, NY"
2159,METRO35620M39100,Newburgh,NY,1021,1057,1073,1112,1160,"Newburgh, NY"
2160,METRO35620M39100,Middletown,NY,1021,1057,1073,1112,1160,"Middletown, NY"
2162,METRO45060M45060,Syracuse,NY,647,719,688,723,729,"Syracuse, NY"
2169,METRO35620MM5600,New York,NY,1419,1558,1599,1714,1801,"New York, NY"
2176,METRO10580M10580,Albany,NY,817,837,904,855,912,"Albany, NY"
2177,METRO10580M10580,Schenectady,NY,817,837,904,855,912,"Schenectady, NY"
2178,METRO10580M10580,Troy,NY,817,837,904,855,912,"Troy, NY"
2179,METRO35620MM5380,Nassau,NY,1533,1527,1548,1624,1659,"Nassau, NY"
2180,METRO35620MM5380,Suffolk,NY,1533,1527,1548,1624,1659,"Suffolk, NY"
2181,METRO13780M13780,Binghamton,NY,597,607,640,634,654,"Binghamton, NY"
2182,METRO27060M27060,Ithaca,NY,911,978,941,969,1048,"Ithaca, NY"
2183,METRO28740M28740,Kingston,NY,904,918,962,967,1020,"Kingston, NY"
2185,METRO24020M24020,Glens Falls,NY,700,737,761,754,794,"Glens Falls, NY"
2186,METRO40380M40380,Rochester,NY,737,741,760,775,805,"Rochester, NY"
2187,METRO48325M48325,Westchester County,NY,1401,1384,1463,1641,1619,"Westchester County, NY"
2188,METRO40380N36123,Yates County,NY,602,634,647,644,667,"Yates County, NY"
2189,METRO15500M15500,Burlington,NC,668,601,637,659,682,"Burlington, NC"
2193,METRO34820M48900,Brunswick County,NC,765,747,736,700,720,"Brunswick County, NC"
2204,METRO25860M25860,Hickory,NC,565,556,549,573,560,"Hickory, NC"
2205,METRO25860M25860,Lenoir,NC,565,556,549,573,560,"Lenoir, NC"
2206,METRO25860M25860,Morganton,NC,565,556,549,573,560,"Morganton, NC"
2209,METRO35100N37049,Craven County,NC,623,689,676,719,750,"Craven County, NC"
2210,METRO22180M22180,Fayetteville,NC,679,678,749,722,743,"Fayetteville, NC"
2211,METRO47260M47260,Virginia Beach,NC,939,912,925,958,972,"Virginia Beach, NC"
2212,METRO47260M47260,Norfolk,NC,939,912,925,958,972,"Norfolk, NC"
2213,METRO47260M47260,Newport News,NC,939,912,925,958,972,"Newport News, NC"
2214,METRO49180N37057,Davidson County,NC,550,584,582,576,562,"Davidson County, NC"
2226,METRO47260N37073,Gates County,NC,533,569,569,588,630,"Gates County, NC"
2229,METRO11700N37087,Haywood County,NC,596,608,735,806,726,"Haywood County, NC"
2231,METRO22180N37093,Hoke County,NC,512,523,628,633,641,"Hoke County, NC"
2232,METRO16740N37097,Iredell County,NC,715,721,763,770,810,"Iredell County, NC"
2234,METRO35100N37103,Jones County,NC,503,514,513,528,558,"Jones County, NC"
2235,METRO16740N37109,Lincoln County,NC,605,637,664,658,682,"Lincoln County, NC"
2236,METRO11700M11700,Asheville,NC,713,660,799,1045,1099,"Asheville, NC"
2240,METRO40580M40580,Rocky Mount,NC,589,553,555,572,604,"Rocky Mount, NC"
2241,METRO48900M48900,Wilmington,NC,710,776,790,776,873,"Wilmington, NC"
2242,METRO27340M27340,Jacksonville,NC,666,673,667,723,721,"Jacksonville, NC"
2243,METRO20500M20500,Durham,NC,834,847,902,934,974,"Durham, NC"
2244,METRO20500M20500,Chapel Hill,NC,834,847,902,934,974,"Chapel Hill, NC"
2245,METRO35100N37137,Pamlico County,NC,526,594,584,599,628,"Pamlico County, NC"
2246,METRO48900N37141,Pender County,NC,621,693,694,637,692,"Pender County, NC"
2247,METRO20500N37145,Person County,NC,525,537,534,549,574,"Person County, NC"
2248,METRO24780M24780,Greenville,NC,626,595,611,620,704,"Greenville, NC"
2249,METRO24660M24660,Greensboro,NC,655,692,661,728,750,"Greensboro, NC"
2250,METRO24660M24660,High Point,NC,655,692,661,728,750,"High Point, NC"
2251,METRO24660N37157,Rockingham County,NC,483,514,513,514,537,"Rockingham County, NC"
2252,METRO16740N37159,Rowan County,NC,554,619,673,681,724,"Rowan County, NC"
2255,METRO16740M16740,Charlotte,NC,784,838,897,934,1010,"Charlotte, NC"
2256,METRO16740M16740,Concord,NC,784,838,897,934,1010,"Concord, NC"
2257,METRO16740M16740,Gastonia,NC,784,838,897,934,1010,"Gastonia, NC"
2258,METRO39580M39580,Raleigh,NC,861,893,949,1022,1053,"Raleigh, NC"
2259,METRO24140M24140,Goldsboro,NC,505,568,569,617,628,"Goldsboro, NC"
2260,METRO49180M49180,Winston,NC,611,594,583,617,670,"Winston, NC"
2261,METRO49180M49180,Salem,NC,611,594,583,617,670,"Salem, NC"
2263,METRO22020M22020,Fargo,ND,602,643,691,676,712,"Fargo, ND"
2264,METRO24220M24220,Grand Forks,ND,654,745,671,650,694,"Grand Forks, ND"
2265,METRO13900M13900,Bismarck,ND,649,662,663,698,719,"Bismarck, ND"
2266,METRO13900N38065,Oliver County,ND,521,659,659,693,716,"Oliver County, ND"
2267,METRO13900N38085,Sioux County,ND,569,555,546,542,557,"Sioux County, ND"
2268,METRO30620M30620,Lima,OH,520,549,562,594,615,"Lima, OH"
2269,METRO48540M48540,Wheeling,OH,627,569,552,570,570,"Wheeling, OH"
2270,METRO17140MM1220,Brown County,OH,512,526,553,541,560,"Brown County, OH"
2274,METRO44220M44220,Springfield,OH,534,572,613,590,612,"Springfield, OH"
2286,METRO18140N39073,Hocking County,OH,576,586,571,551,567,"Hocking County, OH"
2287,METRO48260M48260,Weirton,OH,581,558,555,550,576,"Weirton, OH"
2288,METRO48260M48260,Steubenville,OH,581,558,555,550,576,"Steubenville, OH"
2291,METRO26580M26580,Huntington,OH,569,575,609,669,652,"Huntington, OH"
2292,METRO26580M26580,Ashland,OH,569,575,609,669,652,"Ashland, OH"
2301,METRO17460M17460,Cleveland,OH,626,634,678,691,705,"Cleveland, OH"
2302,METRO17460M17460,Elyria,OH,626,634,678,691,705,"Elyria, OH"
2304,METRO19380M19380,Dayton,OH,585,583,599,596,647,"Dayton, OH"
2306,METRO18140N39127,Perry County,OH,543,535,542,554,557,"Perry County, OH"
2307,METRO18140M18140,Columbus,OH,687,714,761,794,827,"Columbus, OH"
2309,METRO31900M31900,Mansfield,OH,512,523,516,528,557,"Mansfield, OH"
2310,METRO15940M15940,Canton,OH,576,539,586,579,570,"Canton, OH"
2311,METRO15940M15940,Massillon,OH,576,539,586,579,570,"Massillon, OH"
2312,METRO10420M10420,Akron,OH,594,629,623,659,664,"Akron, OH"
2313,METRO49660M49660,Youngstown,OH,547,555,544,557,585,"Youngstown, OH"
2314,METRO49660M49660,Warren,OH,547,555,544,557,585,"Warren, OH"
2315,METRO49660M49660,Boardman,OH,547,555,544,557,585,"Boardman, OH"
2316,METRO18140N39159,Union County,OH,657,668,703,751,820,"Union County, OH"
2317,METRO17140M17140,Cincinnati,OH,613,643,670,658,698,"Cincinnati, OH"
2318,METRO45780M45780,Toledo,OH,559,557,560,592,613,"Toledo, OH"
2321,METRO30020M30020,Lawton,OK,560,558,562,575,582,"Lawton, OK"
2322,METRO30020N40033,Cotton County,OK,589,607,611,603,562,"Cotton County, OK"
2324,METRO36420N40051,Grady County,OK,524,528,529,530,559,"Grady County, OK"
2325,METRO22900N40079,Le Flore County,OK,540,551,552,545,580,"Le Flore County, OK"
2326,METRO36420N40081,Lincoln County,OK,562,545,529,527,595,"Lincoln County, OK"
2329,METRO36420M36420,Oklahoma City,OK,630,669,689,724,738,"Oklahoma City, OK"
2330,METRO46140N40111,Okmulgee County,OK,589,589,557,521,552,"Okmulgee County, OK"
2332,METRO46140N40117,Pawnee County,OK,567,561,564,533,566,"Pawnee County, OK"
2334,METRO22900M22900,Fort Smith,OK,511,524,529,521,552,"Fort Smith, OK"
2336,METRO46140M46140,Tulsa,OK,630,649,669,696,697,"Tulsa, OK"
2337,METRO18700M18700,Corvallis,OR,750,801,886,991,1031,"Corvallis, OR"
2344,METRO13460M13460,Bend,OR,733,806,884,986,1042,"Bend, OR"
2345,METRO13460M13460,Redmond,OR,733,806,884,986,1042,"Redmond, OR"
2346,METRO32780M32780,Medford,OR,649,676,747,792,788,"Medford, OR"
2347,METRO24420M24420,Grants Pass,OR,626,697,722,812,839,"Grants Pass, OR"
2348,METRO21660M21660,Eugene,OR,669,727,780,893,917,"Eugene, OR"
2349,METRO21660M21660,Springfield,OR,669,727,780,893,917,"Springfield, OR"
2350,METRO10540M10540,Albany,OR,661,689,761,832,860,"Albany, OR"
2355,METRO41420M41420,Salem,OR,612,668,736,761,836,"Salem, OR"
2359,METRO38900M38900,Portland,OR,1053,1132,1234,1289,1331,"Portland, OR"
2360,METRO38900M38900,Vancouver,OR,1053,1132,1234,1289,1331,"Vancouver, OR"
2361,METRO38900M38900,Hillsboro,OR,1053,1132,1234,1289,1331,"Hillsboro, OR"
2362,METRO23900M23900,Gettysburg,PA,680,746,771,739,802,"Gettysburg, PA"
2364,METRO38300N42005,Armstrong County,PA,527,562,596,608,619,"Armstrong County, PA"
2366,METRO39740M39740,Reading,PA,722,693,792,713,741,"Reading, PA"
2367,METRO11020M11020,Altoona,PA,589,623,638,616,647,"Altoona, PA"
2372,METRO27780M27780,Johnstown,PA,559,571,573,573,572,"Johnstown, PA"
2376,METRO44300M44300,State College,PA,777,839,887,837,885,"State College, PA"
2380,METRO14100N42037,Columbia County,PA,671,638,663,660,704,"Columbia County, PA"
2388,METRO21500M21500,Erie,PA,594,593,631,600,653,"Erie, PA"
2390,METRO16540M16540,Chambersburg,PA,638,677,700,660,681,"Chambersburg, PA"
2391,METRO16540M16540,Waynesboro,PA,638,677,700,660,681,"Waynesboro, PA"
2396,METRO29540M29540,Lancaster,PA,749,788,869,812,809,"Lancaster, PA"
2397,METRO30140M30140,Lebanon,PA,613,677,702,667,716,"Lebanon, PA"
2405,METRO48700M48700,Williamsport,PA,683,667,694,658,688,"Williamsport, PA"
2406,METRO49660MM7610,Sharon,PA,546,552,548,555,556,"Sharon, PA"
2407,METRO20700M20700,East Stroudsburg,PA,943,849,871,829,851,"East Stroudsburg, PA"
2411,METRO14100N42093,Montour County,PA,747,683,694,666,690,"Montour County, PA"
2412,METRO10900M10900,Allentown,PA,815,824,887,804,891,"Allentown, PA"
2413,METRO10900M10900,Bethlehem,PA,815,824,887,804,891,"Bethlehem, PA"
2414,METRO10900M10900,Easton,PA,815,824,887,804,891,"Easton, PA"
2415,METRO25420M25420,Harrisburg,PA,737,837,813,760,773,"Harrisburg, PA"
2416,METRO25420M25420,Carlisle,PA,737,837,813,760,773,"Carlisle, PA"
2417,METRO37980M37980,Philadelphia,PA,1003,1047,992,1013,1040,"Philadelphia, PA"
2418,METRO37980M37980,Camden,PA,1003,1047,992,1013,1040,"Camden, PA"
2419,METRO37980M37980,Wilmington,PA,1003,1047,992,1013,1040,"Wilmington, PA"
2420,METRO35620MM5660,Pike County,PA,861,926,912,989,1041,"Pike County, PA"
2422,METRO38300M38300,Pittsburgh,PA,657,710,725,727,772,"Pittsburgh, PA"
2423,METRO42540M42540,Scranton,PA,657,682,636,657,685,"Scranton, PA"
2424,METRO42540M42540,,PA,657,682,636,657,685,", PA"
2425,METRO42540M42540,Wilkes,PA,657,682,636,657,685,"Wilkes, PA"
2426,METRO42540M42540,Barre,PA,657,682,636,657,685,"Barre, PA"
2427,METRO49620M49620,York,PA,686,728,722,739,736,"York, PA"
2428,METRO49620M49620,Hanover,PA,686,728,722,739,736,"Hanover, PA"
2455,METRO39300N44005,Newport,RI,968,1021,1076,1091,1157,"Newport, RI"
2456,METRO39300N44005,Middleton,RI,968,1021,1076,1091,1157,"Middleton, RI"
2457,METRO39300N44005,Portsmouth,RI,968,1021,1076,1091,1157,"Portsmouth, RI"
2508,METRO39300M39300,Providence,RI,827,849,889,898,955,"Providence, RI"
2509,METRO39300M39300,Fall River,RI,827,849,889,898,955,"Fall River, RI"
2510,METRO39300MM5520,Westerly,RI,845,873,889,876,933,"Westerly, RI"
2511,METRO39300MM5520,Hopkinton,RI,845,873,889,876,933,"Hopkinton, RI"
2512,METRO39300MM5520,New Shoreham,RI,845,873,889,876,933,"New Shoreham, RI"
2515,METRO24860M11340,Anderson,SC,543,595,614,618,680,"Anderson, SC"
2516,METRO25940N45013,Beaufort County,SC,939,920,998,899,1056,"Beaufort County, SC"
2522,METRO16740N45023,Chester County,SC,515,515,529,525,556,"Chester County, SC"
2523,METRO22500N45031,Darlington County,SC,584,587,586,595,596,"Darlington County, SC"
2524,METRO16700M16700,Charleston,SC,818,884,967,1035,1059,"Charleston, SC"
2525,METRO16700M16700,North Charleston,SC,818,884,967,1035,1059,"North Charleston, SC"
2526,METRO12260M12260,Augusta,SC,618,636,697,722,708,"Augusta, SC"
2527,METRO12260M12260,Richmond County,SC,618,636,697,722,708,"Richmond County, SC"
2529,METRO22500M22500,Florence,SC,547,569,605,611,620,"Florence, SC"
2533,METRO34820M34820,Myrtle Beach,SC,754,800,797,847,763,"Myrtle Beach, SC"
2534,METRO34820M34820,North Myrtle Beach,SC,754,800,797,847,763,"North Myrtle Beach, SC"
2535,METRO34820M34820,Conway,SC,754,800,797,847,763,"Conway, SC"
2536,METRO25940N45053,Jasper County,SC,757,740,801,729,813,"Jasper County, SC"
2537,METRO17900N45055,Kershaw County,SC,580,615,650,632,630,"Kershaw County, SC"
2538,METRO16740N45057,Lancaster County,SC,772,695,626,607,628,"Lancaster County, SC"
2539,METRO24860N45059,Laurens County,SC,507,536,559,570,610,"Laurens County, SC"
2541,METRO24860M24860,Greenville,SC,656,709,755,740,826,"Greenville, SC"
2542,METRO24860M24860,Mauldin,SC,656,709,755,740,826,"Mauldin, SC"
2543,METRO24860M24860,Easley,SC,656,709,755,740,826,"Easley, SC"
2545,METRO17900M17900,Columbia,SC,759,776,838,818,845,"Columbia, SC"
2546,METRO43900M43900,Spartanburg,SC,575,605,632,679,735,"Spartanburg, SC"
2547,METRO44940M44940,Sumter,SC,590,608,622,641,667,"Sumter, SC"
2548,METRO43900N45087,Union County,SC,507,502,520,524,535,"Union County, SC"
2549,METRO16740M16740,Charlotte,SC,784,838,897,934,1010,"Charlotte, SC"
2550,METRO16740M16740,Concord,SC,784,838,897,934,1010,"Concord, SC"
2551,METRO16740M16740,Gastonia,SC,784,838,897,934,1010,"Gastonia, SC"
2552,METRO39660N46033,Custer County,SD,588,635,670,682,706,"Custer County, SD"
2555,METRO39660N46093,Meade County,SD,575,600,587,591,651,"Meade County, SD"
2557,METRO39660M39660,Rapid City,SD,619,676,671,639,664,"Rapid City, SD"
2558,METRO43620M43620,Sioux Falls,SD,655,639,715,685,714,"Sioux Falls, SD"
2559,METRO43580M43580,Sioux City,SD,567,606,620,610,631,"Sioux City, SD"
2563,METRO28940N47013,Campbell County,TN,457,461,468,514,509,"Campbell County, TN"
2578,METRO27180N47033,Crockett County,TN,475,504,509,503,511,"Crockett County, TN"
2592,METRO28940M34100,Grainger County,TN,460,503,554,621,575,"Grainger County, TN"
2598,METRO34980N47081,Hickman County,TN,584,603,701,691,685,"Hickman County, TN"
2599,METRO34100M34100,Morristown,TN,502,511,544,560,571,"Morristown, TN"
2602,METRO34980N47111,Macon County,TN,461,480,548,560,555,"Macon County, TN"
2603,METRO27180M27180,Jackson,TN,566,603,634,648,661,"Jackson, TN"
2605,METRO34980N47119,Maury County,TN,642,649,726,739,735,"Maury County, TN"
2606,METRO17300M17300,Clarksville,TN,596,660,689,691,689,"Clarksville, TN"
2607,METRO28940N47129,Morgan County,TN,476,493,507,545,520,"Morgan County, TN"
2608,METRO17420M17420,Cleveland,TN,561,571,604,613,617,"Cleveland, TN"
2609,METRO28940N47145,Roane County,TN,542,566,581,623,597,"Roane County, TN"
2622,METRO16860M16860,Chattanooga,TN,661,656,694,686,694,"Chattanooga, TN"
2624,METRO34980N47159,Smith County,TN,471,492,529,528,546,"Smith County, TN"
2625,METRO28700M28700,Kingsport,TN,479,514,529,542,533,"Kingsport, TN"
2627,METRO28700M28700,Bristol,TN,479,514,529,542,533,"Bristol, TN"
2634,METRO32820M32820,Memphis,TN,707,705,742,755,784,"Memphis, TN"
2642,METRO28940M28940,Knoxville,TN,669,694,698,742,729,"Knoxville, TN"
2643,METRO27740M27740,Johnson City,TN,527,530,552,564,621,"Johnson City, TN"
2650,METRO34980M34980,Nashville,TN,780,816,911,957,1031,"Nashville, TN"
2651,METRO34980M34980,Davidson,TN,780,816,911,957,1031,"Davidson, TN"
2653,METRO34980M34980,Murfreesboro,TN,780,816,911,957,1031,"Murfreesboro, TN"
2654,METRO34980M34980,,TN,780,816,911,957,1031,", TN"
2655,METRO34980M34980,Franklin,TN,780,816,911,957,1031,"Franklin, TN"
2656,METRO18580N48007,Aransas County,TX,722,745,816,735,779,"Aransas County, TX"
2659,METRO41700N48013,Atascosa County,TX,594,614,645,683,773,"Atascosa County, TX"
2660,METRO26420N48015,Austin County,TX,663,758,792,793,810,"Austin County, TX"
2669,METRO45500M45500,Texarkana,TX,573,627,625,624,658,"Texarkana, TX"
2670,METRO26420MM1145,Brazoria County,TX,824,953,935,925,999,"Brazoria County, TX"
2678,METRO15180M15180,Brownsville,TX,536,545,563,596,590,"Brownsville, TX"
2679,METRO15180M15180,Harlingen,TX,536,545,563,596,590,"Harlingen, TX"
2688,METRO28660M28660,Killeen,TX,594,580,593,611,639,"Killeen, TX"
2689,METRO28660M28660,Temple,TX,594,580,593,611,639,"Temple, TX"
2693,METRO36220M36220,Odessa,TX,1066,959,899,901,924,"Odessa, TX"
2695,METRO21340M21340,El Paso,TX,685,690,678,677,687,"El Paso, TX"
2696,METRO47380N48145,Falls County,TX,512,524,529,542,595,"Falls County, TX"
2704,METRO43300M43300,Sherman,TX,625,685,708,740,792,"Sherman, TX"
2705,METRO43300M43300,Denison,TX,625,685,708,740,792,"Denison, TX"
2716,METRO32580M32580,McAllen,TX,566,584,586,577,574,"McAllen, TX"
2717,METRO32580M32580,Edinburg,TX,566,584,586,577,574,"Edinburg, TX"
2718,METRO32580M32580,Mission,TX,566,584,586,577,574,"Mission, TX"
2719,METRO19100N48221,Hood County,TX,663,758,814,904,927,"Hood County, TX"
2720,METRO21340N48229,Hudspeth County,TX,734,681,700,642,605,"Hudspeth County, TX"
2729,METRO41700N48259,Kendall County,TX,906,913,984,991,1061,"Kendall County, TX"
2730,METRO28660N48281,Lampasas County,TX,543,524,551,580,604,"Lampasas County, TX"
2734,METRO31180M31180,Lubbock,TX,636,689,726,708,733,"Lubbock, TX"
2735,METRO31180N48305,Lynn County,TX,572,607,625,627,602,"Lynn County, TX"
2736,METRO47380M47380,Waco,TX,617,639,628,692,721,"Waco, TX"
2737,METRO33260N48317,Martin County,TX,601,558,560,572,595,"Martin County, TX"
2738,METRO41700N48325,Medina County,TX,531,561,609,618,657,"Medina County, TX"
2739,METRO33260M33260,Midland,TX,1206,1085,1067,1080,1128,"Midland, TX"
2743,METRO13140N48351,Newton County,TX,560,571,568,575,592,"Newton County, TX"
2745,METRO11100N48359,Oldham County,TX,717,662,736,764,798,"Oldham County, TX"
2746,METRO13140M13140,Beaumont,TX,685,699,745,688,708,"Beaumont, TX"
2747,METRO13140M13140,Port Arthur,TX,685,699,745,688,708,"Port Arthur, TX"
2751,METRO11100M11100,Amarillo,TX,632,616,654,675,705,"Amarillo, TX"
2752,METRO17780M17780,College Station,TX,699,756,767,791,774,"College Station, TX"
2753,METRO17780M17780,Bryan,TX,699,756,767,791,774,"Bryan, TX"
2754,METRO19100M19100,Dallas,TX,837,878,989,1093,1134,"Dallas, TX"
2755,METRO30980N48401,Rusk County,TX,546,568,599,621,575,"Rusk County, TX"
2756,METRO18580M18580,Corpus Christi,TX,790,789,876,789,864,"Corpus Christi, TX"
2757,METRO46340M46340,Tyler,TX,696,728,747,765,899,"Tyler, TX"
2758,METRO19100N48425,Somervell County,TX,551,567,668,731,738,"Somervell County, TX"
2759,METRO19100MM2800,Fort Worth,TX,770,838,853,945,1021,"Fort Worth, TX"
2760,METRO19100MM2800,Arlington,TX,770,838,853,945,1021,"Arlington, TX"
2761,METRO10180M10180,Abilene,TX,617,605,621,655,733,"Abilene, TX"
2762,METRO41660M41660,San Angelo,TX,758,695,732,740,762,"San Angelo, TX"
2765,METRO30980M30980,Longview,TX,720,747,766,781,721,"Longview, TX"
2766,METRO47020M47020,Victoria,TX,742,744,784,815,837,"Victoria, TX"
2767,METRO26420M26420,Houston,TX,797,871,907,908,983,"Houston, TX"
2768,METRO26420M26420,The Woodlands,TX,797,871,907,908,983,"The Woodlands, TX"
2769,METRO26420M26420,Sugar Land,TX,797,871,907,908,983,"Sugar Land, TX"
2770,METRO29700M29700,Laredo,TX,639,622,676,687,735,"Laredo, TX"
2771,METRO48660M48660,Wichita Falls,TX,601,625,599,605,656,"Wichita Falls, TX"
2772,METRO12420M12420,Austin,TX,968,1023,1086,1134,1212,"Austin, TX"
2773,METRO12420M12420,Round Rock,TX,968,1023,1086,1134,1212,"Round Rock, TX"
2774,METRO41700M41700,San Antonio,TX,768,801,844,851,912,"San Antonio, TX"
2775,METRO41700M41700,New Braunfels,TX,768,801,844,851,912,"New Braunfels, TX"
2776,METRO19100N48497,Wise County,TX,685,728,857,929,954,"Wise County, TX"
2777,METRO36260N49003,Box Elder County,UT,522,524,544,604,599,"Box Elder County, UT"
2778,METRO30860M30860,Logan,UT,555,573,564,567,618,"Logan, UT"
2785,METRO41620M41620,Salt Lake City,UT,795,834,870,964,1001,"Salt Lake City, UT"
2786,METRO41620N49045,Tooele County,UT,694,732,751,792,769,"Tooele County, UT"
2787,METRO39340M39340,Provo,UT,697,720,751,814,827,"Provo, UT"
2788,METRO39340M39340,Orem,UT,697,720,751,814,827,"Orem, UT"
2789,METRO41100M41100,St. George,UT,662,683,717,757,781,"St. George, UT"
2790,METRO36260M36260,Ogden,UT,671,690,713,802,812,"Ogden, UT"
2791,METRO36260M36260,Clearfield,UT,671,690,713,802,812,"Clearfield, UT"
2866,METRO15540M15540,Burlington,VT,1080,1121,1202,1223,1265,"Burlington, VT"
2867,METRO15540M15540,South Burlington,VT,1080,1121,1202,1223,1265,"South Burlington, VT"
2879,METRO16820N51029,Buckingham County,VA,595,639,698,658,652,"Buckingham County, VA"
2888,METRO47900N51047,Culpeper County,VA,864,872,789,768,794,"Culpeper County, VA"
2896,METRO13980N51063,Floyd County,VA,549,596,611,627,615,"Floyd County, VA"
2898,METRO40220N51067,Franklin County,VA,558,547,529,544,618,"Franklin County, VA"
2900,METRO13980N51071,Giles County,VA,522,534,529,592,655,"Giles County, VA"
2931,METRO13980N51155,Pulaski County,VA,552,596,611,628,631,"Pulaski County, VA"
2932,METRO47900N51157,Rappahannock County,VA,870,857,836,959,942,"Rappahannock County, VA"
2945,METRO47900MM8820,Warren County,VA,743,770,756,772,777,"Warren County, VA"
2955,METRO28700M28700,Kingsport,VA,479,514,529,542,533,"Kingsport, VA"
2957,METRO28700M28700,Bristol,VA,479,514,529,542,533,"Bristol, VA"
2958,METRO16820M16820,Charlottesville,VA,976,1027,1146,1082,1077,"Charlottesville, VA"
2975,METRO25500M25500,Harrisonburg,VA,630,656,678,685,703,"Harrisonburg, VA"
2977,METRO31340M31340,Lynchburg,VA,634,636,637,676,660,"Lynchburg, VA"
2981,METRO47900M47900,Washington,VA,1513,1561,1454,1500,1548,"Washington, VA"
2982,METRO47900M47900,Arlington,VA,1513,1561,1454,1500,1548,"Arlington, VA"
2983,METRO47900M47900,Alexandria,VA,1513,1561,1454,1500,1548,"Alexandria, VA"
2997,METRO13980M13980,Blacksburg,VA,763,772,759,872,858,"Blacksburg, VA"
2998,METRO13980M13980,Christiansburg,VA,763,772,759,872,858,"Christiansburg, VA"
2999,METRO13980M13980,Radford,VA,763,772,759,872,858,"Radford, VA"
3000,METRO40060M40060,Richmond,VA,871,907,932,932,1020,"Richmond, VA"
3002,METRO40220M40220,Roanoke,VA,692,667,646,668,743,"Roanoke, VA"
3011,METRO44420M44420,Staunton,VA,640,660,661,683,695,"Staunton, VA"
3012,METRO44420M44420,Waynesboro,VA,640,660,661,683,695,"Waynesboro, VA"
3013,METRO47260M47260,Virginia Beach,VA,939,912,925,958,972,"Virginia Beach, VA"
3014,METRO47260M47260,Norfolk,VA,939,912,925,958,972,"Norfolk, VA"
3015,METRO47260M47260,Newport News,VA,939,912,925,958,972,"Newport News, VA"
3016,METRO49020M49020,Winchester,VA,780,704,724,783,819,"Winchester, VA"
3017,METRO30300M30300,Lewiston,WA,538,584,611,659,672,"Lewiston, WA"
3024,METRO47460N53013,Columbia County,WA,545,626,701,760,788,"Columbia County, WA"
3025,METRO31020M31020,Longview,WA,605,682,715,749,774,"Longview, WA"
3026,METRO48300M48300,Wenatchee,WA,608,695,742,800,866,"Wenatchee, WA"
3027,METRO28420M28420,Kennewick,WA,687,708,778,883,824,"Kennewick, WA"
3028,METRO28420M28420,Richland,WA,687,708,778,883,824,"Richland, WA"
3031,METRO14740M14740,Bremerton,WA,803,882,929,1003,1141,"Bremerton, WA"
3032,METRO14740M14740,Silverdale,WA,803,882,929,1003,1141,"Silverdale, WA"
3033,METRO44060N53051,Pend Oreille County,WA,551,560,578,632,730,"Pend Oreille County, WA"
3034,METRO42660MM8200,Tacoma,WA,885,881,966,1075,1126,"Tacoma, WA"
3035,METRO34580M34580,Mount Vernon,WA,728,748,778,951,974,"Mount Vernon, WA"
3036,METRO34580M34580,Anacortes,WA,728,748,778,951,974,"Anacortes, WA"
3037,METRO38900M38900,Portland,WA,1053,1132,1234,1289,1331,"Portland, WA"
3038,METRO38900M38900,Vancouver,WA,1053,1132,1234,1289,1331,"Vancouver, WA"
3039,METRO38900M38900,Hillsboro,WA,1053,1132,1234,1289,1331,"Hillsboro, WA"
3040,METRO42660MM7600,Seattle,WA,1249,1529,1557,1741,1599,"Seattle, WA"
3041,METRO42660MM7600,Bellevue,WA,1249,1529,1557,1741,1599,"Bellevue, WA"
3042,METRO44060M44060,Spokane,WA,654,652,669,696,774,"Spokane, WA"
3043,METRO44060N53065,Stevens County,WA,557,583,570,568,637,"Stevens County, WA"
3044,METRO36500M36500,Olympia,WA,866,904,938,960,1026,"Olympia, WA"
3045,METRO36500M36500,Tumwater,WA,866,904,938,960,1026,"Tumwater, WA"
3046,METRO47460N53071,Walla Walla County,WA,576,665,735,792,837,"Walla Walla County, WA"
3047,METRO13380M13380,Bellingham,WA,747,790,811,905,972,"Bellingham, WA"
3048,METRO49420M49420,Yakima,WA,628,673,637,769,792,"Yakima, WA"
3049,METRO25180MM0877,Martinsburg,WV,779,752,834,751,723,"Martinsburg, WV"
3050,METRO16620N54005,Boone County,WV,512,484,504,572,593,"Boone County, WV"
3056,METRO13220N54019,Fayette County,WV,514,495,506,580,566,"Fayette County, WV"
3057,METRO49020M49020,Winchester,WV,780,704,724,783,819,"Winchester, WV"
3058,METRO48260M48260,Weirton,WV,581,558,555,550,576,"Weirton, WV"
3059,METRO48260M48260,Steubenville,WV,581,558,555,550,576,"Steubenville, WV"
3060,METRO47900MM3630,Jefferson County,WV,732,733,774,776,794,"Jefferson County, WV"
3061,METRO16620M16620,Charleston,WV,614,650,671,684,664,"Charleston, WV"
3062,METRO26580M54043,Lincoln County,WV,516,519,513,572,571,"Lincoln County, WV"
3064,METRO19060M19060,Cumberland,WV,592,606,593,587,587,"Cumberland, WV"
3066,METRO48540M48540,Wheeling,WV,627,569,552,570,570,"Wheeling, WV"
3067,METRO34060M34060,Morgantown,WV,719,717,678,748,715,"Morgantown, WV"
3068,METRO26580M54079,Putnam County,WV,665,609,644,697,694,"Putnam County, WV"
3069,METRO13220N54081,Raleigh County,WV,606,641,650,662,611,"Raleigh County, WV"
3070,METRO26580M26580,Huntington,WV,569,575,609,669,652,"Huntington, WV"
3071,METRO26580M26580,Ashland,WV,569,575,609,669,652,"Ashland, WV"
3074,METRO37620M37620,Parkersburg,WV,614,582,605,636,622,"Parkersburg, WV"
3075,METRO37620M37620,Vienna,WV,614,582,605,636,622,"Vienna, WV"
3079,METRO31540N55021,Columbia County,WI,594,648,657,695,697,"Columbia County, WI"
3080,METRO31540M31540,Madison,WI,813,924,931,1015,1039,"Madison, WI"
3081,METRO20260M20260,Duluth,WI,603,662,670,622,671,"Duluth, WI"
3082,METRO20740M20740,Eau Claire,WI,590,581,612,599,659,"Eau Claire, WI"
3083,METRO22540M22540,Fond du Lac,WI,575,588,605,605,619,"Fond du Lac, WI"
3084,METRO31540N55045,Green County,WI,527,585,590,625,652,"Green County, WI"
3085,METRO31540N55049,Iowa County,WI,555,595,598,655,665,"Iowa County, WI"
3086,METRO16980MM3800,Kenosha County,WI,670,676,689,790,798,"Kenosha County, WI"
3087,METRO24580M24580,Green Bay,WI,557,591,650,624,680,"Green Bay, WI"
3088,METRO29100M29100,La Crosse,WI,612,596,624,629,673,"La Crosse, WI"
3089,METRO29100M29100,Onalaska,WI,612,596,624,629,673,"Onalaska, WI"
3090,METRO48140M48140,Wausau,WI,562,603,605,600,618,"Wausau, WI"
3094,METRO24580N55083,Oconto County,WI,581,568,572,567,587,"Oconto County, WI"
3095,METRO11540M11540,Appleton,WI,575,641,598,624,619,"Appleton, WI"
3102,METRO39540M39540,Racine,WI,584,623,655,663,688,"Racine, WI"
3103,METRO27500M27500,Janesville,WI,592,615,612,634,656,"Janesville, WI"
3104,METRO27500M27500,Beloit,WI,592,615,612,634,656,"Beloit, WI"
3105,METRO33460M33460,Minneapolis,WI,862,864,915,971,1054,"Minneapolis, WI"
3106,METRO33460M33460,St. Paul,WI,862,864,915,971,1054,"St. Paul, WI"
3107,METRO33460M33460,Bloomington,WI,862,864,915,971,1054,"Bloomington, WI"
3108,METRO43100M43100,Sheboygan,WI,554,586,595,608,644,"Sheboygan, WI"
3112,METRO33340M33340,Milwaukee,WI,748,742,753,761,803,"Milwaukee, WI"
3113,METRO33340M33340,Waukesha,WI,748,742,753,761,803,"Waukesha, WI"
3114,METRO33340M33340,West Allis,WI,748,742,753,761,803,"West Allis, WI"
3115,METRO36780M36780,Oshkosh,WI,592,603,606,616,591,"Oshkosh, WI"
3116,METRO36780M36780,Neenah,WI,592,603,606,616,591,"Neenah, WI"
3117,METRO16940M16940,Cheyenne,WY,636,664,646,721,696,"Cheyenne, WY"
3118,METRO16220M16220,Casper,WY,746,718,702,780,737,"Casper, WY"
3166,METRO11640MM0470,Arecibo,PR,325,321,361,382,393,"Arecibo, PR"
3182,METRO41980M21940,Fajardo,PR,367,377,394,421,434,"Fajardo, PR"
3187,METRO32420M32420,Mayagez,PR,487,438,404,415,429,"Mayagez, PR"
3196,METRO41980N72923,Barranquitas,PR,362,326,363,359,369,"Barranquitas, PR"
3197,METRO41980N72923,Aibonito,PR,362,326,363,359,369,"Aibonito, PR"
3198,METRO25020M25020,Guayama,PR,374,351,369,370,369,"Guayama, PR"
3201,METRO11640N72923,Quebradillas Municipio,PR,374,340,359,370,402,"Quebradillas Municipio, PR"
3207,METRO41900M41900,San German,PR,374,346,366,366,373,"San German, PR"
3210,METRO41980MM1310,Caguas,PR,389,407,427,426,433,"Caguas, PR"
3211,METRO10380M10380,Aguadilla,PR,374,352,373,372,393,"Aguadilla, PR"
3212,METRO10380M10380,Isabela,PR,374,352,373,372,393,"Isabela, PR"
3219,METRO10380N72141,Utuado Municipio,PR,325,312,373,374,373,"Utuado Municipio, PR"
3224,METRO38660M38660,Ponce,PR,395,381,408,388,393,"Ponce, PR"
3225,METRO41980MM7440,San Juan,PR,459,439,459,451,477,"San Juan, PR"
3226,METRO41980MM7440,Guaynabo,PR,459,439,459,451,477,"Guaynabo, PR"
3227,METRO38660M49500,Yauco,PR,374,337,363,359,369,"Yauco, PR"
